"0",""
"0","pdf('Results/09.Sens.Exclude_extreme_By10/03_Bland-Altman.pdf', width = 14, height = 14)"
"0","print(combined_plot)"
"2","Warning:"
"2"," [38;5;232mUse of `plot.data$x.axis` is discouraged.
[36mâ„¹[38;5;232m Use `x.axis` instead.[39m
"
"2","Warning:"
"2"," [38;5;232mUse of `plot.data$y.axis` is discouraged.
[36mâ„¹[38;5;232m Use `y.axis` instead.[39m
"
"2","Warning:"
"2"," [38;5;232mUse of `plot.data$x.axis` is discouraged.
[36mâ„¹[38;5;232m Use `x.axis` instead.[39m
"
"2","Warning:"
"2"," [38;5;232mUse of `plot.data$y.axis` is discouraged.
[36mâ„¹[38;5;232m Use `y.axis` instead.[39m
"
"2","Warning:"
"2"," [38;5;232mUse of `plot.data$x.axis` is discouraged.
[36mâ„¹[38;5;232m Use `x.axis` instead.[39m
"
"2","Warning:"
"2"," [38;5;232mUse of `plot.data$y.axis` is discouraged.
[36mâ„¹[38;5;232m Use `y.axis` instead.[39m
"
"2","Warning:"
"2"," [38;5;232mUse of `plot.data$x.axis` is discouraged.
[36mâ„¹[38;5;232m Use `x.axis` instead.[39m
"
"2","Warning:"
"2"," [38;5;232mUse of `plot.data$y.axis` is discouraged.
[36mâ„¹[38;5;232m Use `y.axis` instead.[39m
"
"2","Warning:"
"2"," [38;5;232mUse of `plot.data$x.axis` is discouraged.
[36mâ„¹[38;5;232m Use `x.axis` instead.[39m
"
"2","Warning:"
"2"," [38;5;232mUse of `plot.data$y.axis` is discouraged.
[36mâ„¹[38;5;232m Use `y.axis` instead.[39m
"
"2","Warning:"
"2"," [38;5;232mUse of `plot.data$x.axis` is discouraged.
[36mâ„¹[38;5;232m Use `x.axis` instead.[39m
"
"2","Warning:"
"2"," [38;5;232mUse of `plot.data$y.axis` is discouraged.
[36mâ„¹[38;5;232m Use `y.axis` instead.[39m
"
"2","Warning:"
"2"," [38;5;232mUse of `plot.data$x.axis` is discouraged.
[36mâ„¹[38;5;232m Use `x.axis` instead.[39m
"
"2","Warning:"
"2"," [38;5;232mUse of `plot.data$y.axis` is discouraged.
[36mâ„¹[38;5;232m Use `y.axis` instead.[39m
"
"2","Warning:"
"2"," [38;5;232mUse of `plot.data$x.axis` is discouraged.
[36mâ„¹[38;5;232m Use `x.axis` instead.[39m
"
"2","Warning:"
"2"," [38;5;232mUse of `plot.data$y.axis` is discouraged.
[36mâ„¹[38;5;232m Use `y.axis` instead.[39m
"
"2","Warning:"
"2"," [38;5;232mUse of `plot.data$x.axis` is discouraged.
[36mâ„¹[38;5;232m Use `x.axis` instead.[39m
"
"2","Warning:"
"2"," [38;5;232mUse of `plot.data$y.axis` is discouraged.
[36mâ„¹[38;5;232m Use `y.axis` instead.[39m
"
"2","Warning:"
"2"," [38;5;232mUse of `plot.data$x.axis` is discouraged.
[36mâ„¹[38;5;232m Use `x.axis` instead.[39m
"
"2","Warning:"
"2"," [38;5;232mUse of `plot.data$y.axis` is discouraged.
[36mâ„¹[38;5;232m Use `y.axis` instead.[39m
"
